countrycode,year,rgdpe,emp,hc,rgdpe_pct_change_1yr,rgdpe_pct_change_2yr,rgdpe_pct_change_3yr,rgdpe_pct_change_5yr,rgdpe_pct_change_10yr,emp_pct_change_1yr,emp_pct_change_2yr,emp_pct_change_3yr,emp_pct_change_5yr,emp_pct_change_10yr,hc_pct_change_1yr,hc_pct_change_2yr,hc_pct_change_3yr,hc_pct_change_5yr,hc_pct_change_10yr
DNK,1960,70038.3828125,2.11055183410645,2.57189679145813,5.4602097649220305,15.391681331034412,18.863888853163814,26.595045983466647,40.4787873797271,1.8728698556613965,3.857352730341046,4.2024605413474525,3.847179415108415,6.983949922743782,1.1133672780062165,2.46979428940739,3.8444118147920037,6.649220881475704,-9.509593655741044
DNK,1961,74371.171875,2.14137983322144,2.58985066413879,6.186306548652509,11.98430162783206,22.530164469816416,31.48854070870999,55.16402512939016,1.460660601498165,3.3608867292585387,5.374356163432115,5.942080988101317,7.297865672040316,0.6980790496838418,1.8192185114038306,3.185114455595861,5.972117132005317,-6.200701408014487
DNK,1962,78623.5390625,2.17426013946533,2.60792994499207,5.71776278400884,12.257787666204912,18.387298350240467,33.43397196057845,58.04735336827014,1.5354728635146087,3.0185615121768317,4.947965096474394,7.3478759099898205,9.981411897422653,0.6980819822401507,1.401034195991624,2.530000130289678,5.299307534943609,-2.770810970711979
DNK,1963,80248.2265625,2.20097970962524,2.62613534927368,2.066413594926697,7.902329006429953,14.5774978519033,32.21290119834104,50.68187180887742,1.22890401543585,2.7832463666261242,4.284560751244215,8.3071841027065,8.917149808041147,0.698078731622731,1.4010338757102003,2.108893249359345,4.630772863809107,0.7844947860166096
DNK,1964,87272.3828125,2.24618983268738,2.64446783065796,8.75303611168199,11.00032363478931,17.34705882970866,31.410284311250503,58.009871952604676,2.054090860739377,3.308237681243531,4.894507636614209,8.41989322349428,10.193607200829069,0.6980783145602354,1.4010301824269655,2.1088925039363993,3.9664763781574575,5.042139204840335
DNK,1965,91443.46875,2.28728866577148,2.66292834281921,4.779388167344245,13.950765851231338,16.30545996830426,30.561936295421944,65.28494329009385,1.8297132542412164,3.9213880877136953,5.198482198820287,8.373963093868063,12.543303893352542,0.6980804208405411,1.401031883436854,2.1088909206611106,3.5394713996073746,10.424039552479613
DNK,1966,94441.3046875,2.32633805274963,2.68151760101318,3.27834888426628,8.21442207026941,17.686469512128046,26.98644152902827,66.97261886443854,1.707234751892539,3.5681855066701518,5.695570139796269,8.637338255396898,15.092656877850153,0.6980757947955052,1.40102934608215,2.108887942687998,3.539468052876038,9.722966362848995
DNK,1967,99854.34375,2.32646799087524,2.70023679733276,5.731643670543707,9.197895831133373,14.416887143475465,27.003115022109412,69.46530088766265,0.005585522080808758,1.712915631947376,3.5739703305402992,7.000443444975257,14.86270325245087,0.6980821722933017,1.4010311097613748,2.1088918544690527,3.539468248291877,9.026343090814159
DNK,1968,105430.6875,2.34415745735168,2.71908640861511,5.584477891078232,11.636203935198841,15.296028181345655,31.38070710869487,73.70224448330059,0.7603571828978861,0.7659851748970326,2.4862970918897442,6.505182537589982,15.3527641299112,0.6980725283415534,1.4010278205048854,2.1088838513936947,3.539461869973226,8.334139173581923
DNK,1969,113410.1640625,2.38946533203125,2.7380678653717,7.56845729807083,13.575594013655511,20.085342359221634,29.949659225136106,70.76721664925252,1.9327999720102573,2.7078533383263714,2.7135901081533076,6.37860154377301,15.335566206405149,0.6980821461373798,1.4010277941663762,2.108890291719634,3.539465809665465,7.64633426307626
DNK,1970,115612.2265625,2.42134475708008,2.7571816444397,1.9416800233058806,9.657092544805801,15.780868633969657,26.430272323303573,65.06981160888007,1.33416562364308,3.292752348453698,4.078146210348077,5.860917046226177,14.725671170507448,0.6980754315746296,1.401030717666396,2.1088834565616166,3.539460679618034,7.204210277680834
DNK,1971,118539.296875,2.41779685020447,2.77522230148315,2.5317999657394674,4.522639443210186,12.433390776286068,25.516369418273776,59.388771060695355,-0.1465262997033201,1.1856844204195083,3.1414013005757857,3.9314491437192345,12.908359959998084,0.6543151438655359,1.3569581887045823,2.0645130176878412,3.4944652399284903,7.157618773590646
DNK,1972,123686.703125,2.46634674072266,2.79338097572327,4.342362731768135,6.984102635662781,9.061391584652533,23.86712333182801,57.31510511969966,2.0080219111082043,1.858553331201307,3.2175151344863373,6.012494063793072,13.433838755336636,0.6543142230593935,1.312910643974874,2.02015118219363,3.449481855906722,7.111043419218999
DNK,1973,130666.2109375,2.49710822105408,2.81165838241577,5.642892595695104,10.23029019253241,13.021100641861437,23.935652926004103,62.82753717396208,1.2472488082680089,3.2803157487322654,3.1289829237437283,6.524764930901705,13.45439533739552,0.6543112755240221,1.3129067503222291,1.975812441879965,3.404524898780581,7.064488629399901
DNK,1974,125346.03125,2.47699308395386,2.83005547523499,-4.071580287917542,1.3415574051828694,5.74217542573896,10.524512759651937,43.62622769140976,-0.8055372582822518,0.43166449613167845,2.448354324904667,3.663068501111244,10.275322588845626,0.654314654094379,1.3129071841775364,1.9758119456785739,3.3595810763734413,7.017958109585121
DNK,1975,124367.203125,2.44449067115784,2.84857273101807,-0.7809007714394633,-4.8206860574788735,0.5501804016170286,7.572708201210077,36.0044679243426,-1.3121721254117813,-2.107139348331044,-0.886171810473646,0.9559115450239242,6.872853773939269,0.6543071662417743,1.312903048007663,1.9758047962114889,3.314655991659987,6.97143761676744
DNK,1976,132996.453125,2.48609042167664,2.86721134185791,6.9385254176109745,6.103441647658858,1.7833548327307103,12.196087399814015,40.82445553359986,1.7017757936092393,0.36727344059672706,-0.4412223420893091,2.8246199206684697,6.867117560072145,0.6543140231907829,1.3129024129760358,1.9758075799524821,3.314654841365283,6.924949542548897
DNK,1977,136177.953125,2.48040390014648,2.88597178459168,2.392169058079907,9.496675733817984,8.641615348312026,10.099104984127605,36.37659415792815,-0.228733495796396,1.4691497665495046,0.13769986742051543,0.5699587649910631,6.616721565695283,0.6543097280583998,1.3129049915549862,1.975802589242437,3.3146502275593237,6.878470341652454
DNK,1978,141342.15625,2.5013256072998,2.90485525131226,3.7922461062839474,6.275132102324621,13.649059155844068,8.170394806662372,34.06168507627345,0.8434798522968023,0.612817035547919,2.3250216011272196,0.1688908077816409,6.704675466881005,0.6543191732296005,1.3129101752909822,1.9758147538706083,3.3146583340048386,6.832031601076105
DNK,1979,145885.171875,2.52978920936584,2.92386198043823,3.2141971974479544,7.128333571800405,9.691024419941652,16.38595208813203,28.635006466089873,1.1379406976433915,1.9910188504559168,1.7577312276408907,2.1314603481938255,5.872605701933442,0.6543089924148315,1.3129094348339532,1.975809657045069,3.3146525226842583,6.785592037957322
DNK,1980,142677.25,2.51526498794556,2.9429931640625,-2.198936213852265,0.9445828374363696,4.772649849593624,14.722568663538071,23.410174029360675,-0.5741277323228267,0.5572797321980127,1.4054601267568412,2.8952582074775357,3.8788458599650077,0.6543121307457378,1.3129023462704836,1.9758120912775068,3.3146576184026166,6.739183107414015
DNK,1981,136565.40625,2.47578859329224,2.95874309539795,-4.283684855153858,-6.388425571438838,-3.3795649696691243,2.683494966324873,15.206863757601475,-1.5694725940412435,-2.134589548950472,-1.0209392145122287,-0.4143786683934336,2.3985366298606037,0.535167105645229,1.1929808996829605,1.8550956734022073,3.1923615885506518,6.612832197864726
DNK,1982,138119.140625,2.48696064949036,2.97457695007324,1.1377217830375708,-3.194699487830055,-5.323386297720667,1.425478541462688,11.66854410001883,0.4512524303726506,-1.1253024468932393,-1.6929695057959382,0.26434200266709507,0.8358074080719202,0.535154765546153,1.0731858434608776,1.7345199593658212,3.070202070395367,6.486618757867579
DNK,1983,139197.203125,2.48878121376038,2.9904956817627,0.7805308483108675,1.9271329008329952,-2.4391042545325203,-1.5175607772716426,6.528843322456579,0.07320438585922684,0.5247871528021975,-1.0529218317793188,-0.5015098195457091,-0.33346601574940626,0.5351595187029323,1.0731782159167036,1.6140886183584557,2.948182371970254,6.3605628786692625
DNK,1984,142763.390625,2.52478432655334,3.00649952888489,2.561967783790564,3.362495580977698,4.5384732086937385,-2.1398893457622026,13.89542149943419,1.4466162229889834,1.520879595369995,1.9789950318797933,-0.19783793819543316,1.9294055727920645,0.5351570049001442,1.0731804672548195,1.6140784092143923,2.826314956025189,6.234649998698316
DNK,1985,146239.75,2.58350610733032,3.02258920669556,2.43504960184886,5.059402571958116,5.879423618083357,2.496894214039025,17.587069842694913,2.3258137401836354,3.8060755620546116,3.882066162154385,2.713078729748397,5.686887571824317,0.5351631575554627,1.073184125580906,1.6140868912851047,2.7045948867644,6.108900565628095
DNK,1986,156358.09375,2.64664149284363,3.03876495361328,6.9190105631334875,9.522541504151816,12.32847373347683,14.493192707798208,17.565611770896616,2.4437869658667566,4.826438639083341,6.342874906417917,6.900948651847316,6.457973924323834,0.5351619360608906,1.0731890831314095,1.6140893345857776,2.7045896056266727,5.983291473875285
DNK,1987,158004.359375,2.666588306427,3.05502724647522,1.0528816164977028,8.044741169893953,10.675684209570102,14.397149200333725,16.027856014229535,0.7536651124568694,3.215870048108127,5.6164789357371125,7.2227784132189665,7.506213252991789,0.5351612615712042,1.0731871770005785,1.6140936369389403,2.704596241828594,5.857834882036417
DNK,1988,158510.0,2.65376234054565,3.07137632369995,0.320016882445584,1.376267897868244,8.390502582232262,13.874414457636043,12.146301008479199,-0.4809878544219659,0.2690522203809609,2.719414249340768,6.6289927725705855,6.094237903333455,0.5351532377851242,1.0731784321749815,1.6140836107108925,2.7045898253755585,5.732508437811656
DNK,1989,161119.71875,2.64528441429138,3.08781313896179,1.646406378146481,1.971692038955819,3.0453332384656306,12.857867864190053,10.442834373909871,-0.3194681801282462,-0.7989194314050541,-0.05127549597931935,4.772688362753685,4.565408236304891,0.5351612283720275,1.073178398798147,1.6140828954272601,2.704594139985095,5.607349444688459
DNK,1990,164922.28125,2.63412857055664,3.10433793067932,2.360085115280164,4.045348085294309,4.378310764566518,12.775275703083455,15.59115503698032,-0.4217256819141868,-0.7398465826812806,-1.2172758648991922,1.959448173266809,4.725688274624562,0.5351616491626743,1.0731868551901336,1.6140832871782917,2.7045925990429653,5.4823357589488975
DNK,1991,167227.40625,2.60833024978638,3.12348175048828,1.3977038048035073,3.7907759195365376,5.499593874203512,6.951550917075577,22.452245295466255,-0.9793873032100553,-1.3969826573411837,-1.7119879223973178,-1.4475418435342169,5.3535126889767914,0.6166796346418035,1.155141516707281,1.6964846146095613,2.7878693537736865,5.567859384160978
DNK,1992,172654.5625,2.58729338645935,3.1427435874939,3.2453748890218126,4.688439422129331,7.159175698350073,9.272024634605124,25.004081055474646,-0.8065260650468975,-1.7780143543787985,-2.192241693132446,-2.9736468796676907,4.034351608641296,0.6166783911130347,1.237160955804062,1.7789434159406037,2.871213051205479,5.65346401331186
DNK,1993,171676.6875,2.54461145401001,3.16212439537048,-0.5663765763502471,2.660617269485388,4.095508623095756,8.306534288057543,23.333431739884315,-1.6496750106778202,-2.4428960167750424,-3.398357906566163,-4.113061854408439,2.243276345102041,0.616684350377894,1.23716570062109,1.8614746841853824,2.9546386409988967,5.739139322435527
DNK,1994,181602.328125,2.59577536582947,3.1816246509552,5.781589084423588,5.182466941758346,8.596032311539847,12.712664553977815,27.205110028536073,2.0106767867774655,0.32783214360267987,-0.4813379731319789,-1.8715964224653159,2.8117664756356575,0.6166821145072499,1.2371694469768935,1.8614771947308872,3.038121407338523,5.824884400872143
DNK,1995,188827.984375,2.61318349838257,3.20124483108521,3.9788345912759704,9.990463542116057,9.367503320394444,14.495132461066419,29.122201299578254,0.6706332443962237,2.694794298143166,1.0006639393397077,-0.7951423635196297,1.1487254072303,0.616671741090502,1.2371567599302802,1.8614704624362988,3.121660804005444,5.91068161012076
DNK,1996,195806.390625,2.6379337310791,3.22098660469055,3.6956419744127222,7.821520046936348,14.055317280629609,17.089892748964395,25.229456262157846,0.9471295342194264,1.624114544139621,3.667447025046777,1.134959090979537,-0.32901176030359913,0.6166905265614364,1.2371652238592157,1.861476715028898,3.1216719670933646,5.996569456963008
DNK,1997,209594.328125,2.67413902282715,3.24084973335266,7.041617720437965,10.997492675004894,15.413899309007007,21.39518648689056,32.65097808317987,1.3724867809033148,2.332615542777927,3.0188920824679943,3.3566211246976563,0.28316018569312096,0.6166784001269798,1.2371719239613332,1.8614729546956088,3.12167197633173,6.082514880737477
DNK,1998,220369.28125,2.71229481697083,3.26083564758301,5.1408610249099596,12.544478526261083,16.703719514561488,28.36296206495712,39.02547552204909,1.426844072726663,2.818914099912262,3.7927424021162226,6.5897433062548805,2.2056412336134423,0.6166874700998415,1.2371688486512156,1.861488878299844,3.1216751737233706,6.168548035651544
DNK,1999,226052.953125,2.73507833480835,3.28094434738159,2.579157967372092,7.852609918997544,15.447178411008512,24.476902614047912,40.301233690553474,0.8400088992893906,2.278838589205945,3.682602128504242,5.366526349415701,3.3944902117840625,0.6166732080926884,1.2371636245983142,1.8614713455723964,3.1216660455711365,6.254627457305784
DNK,2000,236669.375,2.75539684295654,3.30117750167847,4.696431401685541,7.3967177537363815,12.917833758770758,25.335964255165777,43.50357829530689,0.7428857846447645,1.5891349906367314,3.038653541784919,5.442149189369694,4.603733992159453,0.6166869094572425,1.2371630604983697,1.861479960177026,3.1216815915758422,6.3407907062513535
DNK,2001,236961.296875,2.78291058540344,3.31471872329712,0.1233458595984338,4.825570114966848,7.529187158430228,21.0181629509826,41.700037206072494,0.998540102026757,1.7488438991434485,2.6035432428203276,5.495848990301755,6.693183719023232,0.4101936842767495,1.0294102044883457,1.6524315095134856,2.910043726045708,6.122557712365206
DNK,2002,240635.96875,2.78403902053833,3.32831573486328,1.5507477058325003,1.6760063485188992,6.451150238650527,14.810343821177764,39.37423098795898,0.04054873846139895,1.0394937359025525,1.790101771743613,4.109733890910117,7.604303211558916,0.41020106685356605,0.8220773699993966,1.44383392298304,2.6988601356761066,5.904781672543624
DNK,2003,231499.828125,2.75885486602783,3.34196853637695,-3.7966645936009957,-2.3047935768519157,-2.1842905847028193,5.050861359561654,34.846397315884836,-0.9045905723559344,-0.8644086339598678,0.12550000121143157,1.7166293562806523,8.419494130634252,0.41020151335584565,0.8220852311934479,1.2356510571679413,2.48810113610225,5.687446745288449
DNK,2004,241784.375,2.7445855140686,3.35567712783813,4.442572142838386,0.4772379856450737,2.0353864485913142,6.959175563745479,33.13946880327199,-0.5172201022583978,-1.4171319503309743,-1.377157840997767,0.3476017172618251,5.732782204425391,0.41019510842077445,0.8220792483190964,1.2356524930196455,2.2777826303631565,5.470553442898263
DNK,2005,240840.515625,2.78331160545349,3.36944198608398,-0.3903723617376009,4.034857207304898,0.0850026187118047,1.762433616516712,27.544927422784184,1.4109996276808312,0.886481551705276,-0.026128049193063774,1.013094087274835,6.510377368302711,0.4101961458585768,0.8220738588046173,1.235647531570172,2.0678828802995763,5.2541171910850615
DNK,2006,256956.171875,2.84591889381409,3.38326358795166,6.691422416273518,6.274928590815687,10.996268963212641,8.438034085603242,31.229716790557372,2.249381213297519,3.6921196015230917,3.1558031144861998,2.264115445933945,7.884396802110327,0.4102044767283264,0.8220832655405852,1.235650519303766,2.067893850925584,5.038114192241427
DNK,2007,268544.71875,2.91267490386963,3.39714169502258,4.509931320364391,11.503132291967333,11.067854881027772,11.597912874361182,28.125947468312496,2.3456750717893327,4.647819459476676,6.124399802426006,4.620477025728831,8.920100226887051,0.41019881277775117,0.8220859433995864,1.2356542541136273,2.0678915596367586,4.822561196264918
DNK,2008,279068.40625,2.94904375076294,3.41107678413391,3.9187840107170135,8.605449798558173,15.872699211673602,20.54799716711453,26.636709375753796,1.2486407887468687,3.623604916254042,5.954494817781897,6.893761867544046,8.728731563795034,0.41020040853012585,0.8220818585136902,1.2356585518279894,2.0678904365712736,4.607442778119197
DNK,2009,270852.75,2.85626459121704,3.42506909370422,-2.9439578490444096,0.8594588122020186,5.408151134723549,12.022437347326509,19.81827543311374,-3.1460760635340534,-1.9367184637614665,0.3635274858126758,4.069068956896382,4.430814827728935,0.41020212841273995,0.8220851877494217,1.2356561842073344,2.0678975724579107,4.3927824145402194
DNK,2010,282641.3125,2.78975081443787,3.43911862373352,4.35238796726265,1.2802976510351671,5.249253761390538,17.356214657871693,19.424540036073523,-2.328698012911634,-5.4015114656694845,-4.220316152291803,0.2313506318072145,1.246788518653763,0.4101969812849937,0.8220817464456465,1.2356543376581541,2.0678984216766283,4.178543019420022
DNK,2011,291508.15625,2.7865891456604,3.45655488967896,3.137136489910697,7.626064808276811,4.457598825735931,13.446645053463936,23.019311632048556,-0.11333158363491247,-2.439390446210443,-5.508721430820129,-2.084730815156033,0.13218391838580867,0.5069980961142528,0.9192747682846836,1.3332477813629007,2.1662900280162045,4.278980457224346
DNK,2012,294247.8125,2.76736116409302,3.47407937049866,0.9398214736916044,4.106441445993503,8.637557676634255,9.571252739447145,22.27923116751431,-0.6900185338525433,-0.802568108555668,-3.1125767338711086,-4.989013349328952,-0.5990525392164048,0.5069926958783944,1.0165612353081999,1.4309281200933333,2.264776755965392,4.37950144298338
DNK,2013,294565.3125,2.76891231536865,3.49169301986694,0.10790224651202607,1.0487378086869503,4.218774635077449,5.55308515866797,27.242130106873063,0.05605163849795591,-0.6343536620487589,-0.746966322632614,-6.108130316740413,0.36455159220829536,0.5070019274128423,1.0165650860311848,1.5287171477773809,2.3633661988496923,4.480128459028143
DNK,2014,295108.4375,2.7860586643219,3.50939559936523,0.1843818592863089,0.29248305796665264,1.235053350243942,8.955304127427176,22.054387302736167,0.6192449236503528,0.675643659074332,-0.01903694124862909,-2.4579630021330012,1.5110897452715877,0.506991290401726,1.0165636734287053,1.5287102728803292,2.462038088983798,4.580848087316802
DNK,2015,306024.1875,2.82740926742554,3.52718830108643,3.698894580064316,3.890096529950382,4.0021962780097065,8.27298557071341,27.06507736285286,1.484197143196364,2.112632882312915,2.1698686861568506,1.3498859035285582,1.5843595049022774,0.507001881589475,1.0165636273730128,1.5287195519700258,2.560821157640114,4.681674759617538
DNK,2016,319175.625,2.87276339530945,3.54507112503052,4.2975156988203755,8.155370854145772,8.354789737844648,9.491147385348665,24.214033339221587,1.6040878272004289,3.1120927961024503,3.750609196411969,3.092463407576629,0.9432630548154242,0.5069994119276666,1.0165717900752602,1.5287170109133497,2.5608225003416862,4.782587370817981
DNK,2017,337090.40625,2.91630005836487,3.56304430961609,5.612828752195598,10.151556647789484,14.225946606491036,14.560038148117084,25.524868937680424,1.5154976955813693,3.143895436838129,4.674754186293106,5.381982525604445,0.12446134961454636,0.5069908036165582,1.0165606559370932,1.5287165191796515,2.560820569412048,4.8835941943954575
DNK,2018,344834.28125,2.96140289306641,3.58110880851746,2.297269473239427,8.039040026944422,12.68203473295717,17.065474655981426,23.56622015502696,1.5465772999651017,3.085513338887824,4.739095509963986,6.951848082344636,0.4190898253127795,0.5069961901011721,1.0165574177761982,1.5287107698339186,2.560814714860804,4.984702343096692
DNK,2019,360026.03125,3.00260376930237,3.5992648601532,4.405521964037606,6.803998148493728,12.798723665066847,21.99787789869614,32.923158893531635,1.3912621052820873,2.959356349150477,4.519703022007282,7.77245317026285,5.123446144846655,0.5069952522122945,1.0165618889261818,1.5287065678326384,2.560818757629524,5.085905179815997
DNK,2020,366140.625,2.97140026092529,3.61751317977905,1.6983754560108588,6.178719723794868,8.617931039086034,19.644341838175784,29.5425009746231,-1.039214987208581,0.3375889137640531,1.8893872872366213,5.092683084782368,6.511314399383794,0.5070012998452444,1.0165670245764202,1.5287171707620173,2.5608181639976246,5.187217294990076
DNK,2021,395298.21875,3.04005861282349,3.63368630409241,7.963495924550856,9.797121440784707,14.634257741739543,23.849751606188608,35.604514067520185,2.310639626746891,1.2474121262367577,2.6560290037278778,5.823494471810453,9.096047314970068,0.44707851802070486,0.9563465117636394,1.4681903953852826,2.4996728115328715,5.124507495667219
DNK,2022,410517.28125,3.15804839134216,3.65001320838928,3.8500205106223984,12.120112661631044,14.024333136327893,21.782546651755986,39.51413190200013,3.8811678834404395,6.281487313282663,5.176994168494842,8.289556223265837,14.117681216256607,0.44932068787781887,0.8984080221710489,1.4099642623666142,2.4408593106314935,5.06418590734059
DNK,2023,388496.09375,3.20203399658203,3.66649580001831,-5.3642534689275045,-1.7207578171005822,6.105705628814073,12.66167979057331,31.887930202236547,1.392809728959743,5.328034896277978,7.761786208665167,8.12557805217975,15.642303976524241,0.4515762187146555,0.9029259319647043,1.3540412378608702,2.3843729991605445,5.006247088641014
NLD,1950,93998.6171875,4.10914468765259,2.42432355880737,-75.80448846211854,-77.1023970291141,-76.22083461829412,-73.89116090824335,-68.14777036407168,28.329202376953,30.11658399275563,35.166627061712255,36.852711958305285,47.48952490749927,-33.8790035216933,-33.58041682602011,-33.2819798980172,-32.643924440054114,-30.919057422711905
NLD,1951,96876.6796875,4.12720346450806,2.43283414840698,3.061813658661694,-75.06366698506862,-76.4013150938454,-73.54112789655613,-68.34345661402989,0.43947775579027404,28.893180675582798,30.68841743599795,38.89759379717006,45.97120806164825,0.35105007203728444,-33.64688571592443,-33.34725083144098,-32.748437185913104,-31.0262469497977
NLD,1952,106561.078125,4.11340141296387,2.44137501716614,9.996625058517129,13.36451674862571,-72.57087527022271,-73.04286407817261,-66.61365412067416,-0.3344165525853371,0.10359151684464774,28.462140544249912,35.30664822095322,43.18622340009244,0.35106662592483406,0.7033491176053452,-33.413942076411274,-32.812719292346145,-31.13325710368866
NLD,1953,115033.203125,4.19413566589356,2.44994568824768,7.950487315886479,18.741892781697732,22.377548273441185,-71.97847487084321,-65.87467308705111,1.9627127242006326,1.621732535385867,2.0683374449275593,32.80783402153842,43.817014091655416,0.35105917858899716,0.7033582561271068,1.0568774678292092,-32.878443217228224,-31.24010044905514
NLD,1954,118803.3359375,4.31417560577393,2.45854616165161,3.2774300898178232,11.488489069282304,22.63357530494432,-69.41968327384245,-65.54770149103324,2.862090057232236,4.88097738716422,4.530238038268264,34.73234857528189,45.68013072030131,0.35104751281573865,0.7033390759196623,1.0568748906071512,-32.94561631192017,-31.346789692508082
NLD,1955,131237.84375,4.39916515350342,2.46717715263367,10.466463516682346,14.086924631135723,23.15739110301911,39.61678126415258,-63.54767923465256,1.9700066825222073,4.888480105141713,6.947139650385981,7.057927814571752,46.51167758060628,0.3510607657763787,0.7033406686788535,1.056868989241977,1.767651585557406,-31.453303702449485
NLD,1956,136584.578125,4.47246551513672,2.47007894515991,4.074079718335821,14.966955302378327,18.734916888805884,40.98808770654381,-62.69614219263432,1.66623345738508,3.6690650503641953,6.636167053596287,8.365520469192877,50.51710043748869,0.1176158964970142,0.469089565540326,0.8217838056087556,1.5309221459801403,-31.7188681172745
NLD,1957,139432.453125,4.50328302383423,2.47298383712769,2.085063364469786,6.244090226451937,17.36408916863459,30.847449724035904,-64.7272751276469,0.6890496660781675,2.3667642995374383,4.383396396920092,9.47832637100776,48.131453941006555,0.11760320347138364,0.23535742003046867,0.5872444333679283,1.2947138288586402,-31.942836277790075
NLD,1958,142158.15625,4.47033977508545,2.47589230537415,1.9548556049260757,4.080678947442484,8.321008779146455,23.580107645550697,-65.370969081463,-0.731538492571393,-0.047529490033515476,1.6179120150864978,6.585483427204419,41.55387192105599,0.11760967470932915,0.23535119092574774,0.3532438978358865,1.0590690745078568,-32.16757956701367
NLD,1959,149900.34375,4.52346181869507,2.47880411148071,5.4461788927429255,7.507499431008102,9.749098915701616,26.17519749517765,-61.41522497611985,1.1883222815787908,0.4480907541018597,1.140227988024889,4.851128744992184,41.26838826582046,0.11760633127053666,0.23535432240349152,0.3532343100975277,0.8239808609284305,-32.39310102391687
NLD,1960,159270.234375,4.61588191986084,2.48171925544739,6.250746589765566,12.037352323919158,14.227520785434077,21.35999024671571,69.43891212495397,2.043127694453073,3.2557289176661675,2.500373514848264,4.926315762090239,12.331939387068203,0.11760283731894194,0.23534747697191438,0.3532339430833531,0.589422725408939,2.3674932511176694
NLD,1961,164755.71875,4.72212409973145,2.50298833847046,3.444136562318656,9.91016740080024,15.89607173876104,20.625418339117484,70.06747060434033,2.3016658943002755,4.391819562073573,5.632330814075237,5.582124305928793,14.414618526549926,0.857030180846774,0.975640909975084,1.0943946567262053,1.3323215185099935,2.8836404696726436
NLD,1962,174086.0,4.85809803009033,2.52443933486938,5.663100085865769,9.302281548802416,16.13449018525015,24.85328637511197,63.36734111848119,2.8795077699591554,5.247450312524293,7.397790117565228,7.879029685191763,18.104156204630574,0.8570154350790338,1.7213904968589544,1.8410177382435444,2.0807049754702156,3.4023579793840186
NLD,1963,181981.765625,4.96327590942383,2.5460741519928,4.535554625300131,10.455507709045753,14.25974623514772,28.013594453888402,58.199337827053995,2.1650011729290597,5.106850319882406,7.526058846268402,11.026815838153103,18.338468394927432,0.8570147368797576,1.7213749205347684,2.593157803976043,2.8346082124135252,3.923697745882504
NLD,1964,195753.546875,5.0907506942749,2.5653064250946,7.567670971155849,12.44646144721575,18.814417101986038,30.589124733077867,64.77108603918491,2.5683598328481327,4.788966026283403,7.806372445070098,12.541033799274581,18.00054423982256,0.7553697164219164,1.6188580830893473,2.4897473818124904,3.489679285799574,4.342414436150777
NLD,1965,210785.015625,5.17680072784424,2.58008766174316,7.678772103985665,15.827547282596054,21.08096896074354,32.344261595489975,60.61298296437456,1.6903211085570025,4.302094469803475,6.5602360384642955,12.151931477491317,17.676889755355617,0.5761977011387698,1.3359198405018091,2.2043836072875855,3.9637201540766887,4.576505946845355
NLD,1966,218724.359375,5.26178884506226,2.59495425224304,3.766559841295636,11.734557491654641,20.19026116370004,32.756763185192916,60.13840096561047,1.6417111974370346,3.35978249690585,6.014433633875571,11.428432077028683,17.648505667715852,0.5762048600254088,1.1557226403214882,1.9198223355742394,3.6742445963124037,5.055518866221753
NLD,1967,232628.46875,5.29259634017944,2.60990619659424,6.356909406309708,10.362906044450938,18.837422086940148,33.628476011856215,66.83954383378064,0.5854947057803317,2.2368180353625533,3.964948551331293,8.943794616697565,17.527508534721512,0.5761929844534164,1.1557178964583636,1.7385748175481774,3.385577959601971,5.536726824126026
NLD,1968,252191.25,5.38927221298218,2.62494468688965,8.40945278757934,15.300943489161845,19.6438225232596,38.580505103833794,77.40188579577192,1.8266247147701975,2.422814211549973,4.104301021191126,8.582966398251335,20.55621013459017,0.576208076559781,1.1557211315261773,1.7385853128797812,3.09773125952042,6.02014801661479
NLD,1969,265085.46875,5.52525758743286,2.64006948471069,5.112873166693932,13.952290609315199,21.19613448976412,35.41796456912858,76.84113466217453,2.5232604529254576,4.39597566674681,5.00720857732333,8.535222391593656,22.146661315841243,0.5761949155188129,1.1557230737185398,1.7385752534424315,2.914391001586991,6.505773186476138
NLD,1970,280727.78125,5.60989332199097,2.65528154373169,5.900856268644494,11.315432732103115,20.67645149299897,33.18203877899586,76.2587857998812,1.5317970831009387,4.093708766043358,5.99511017688481,8.36602791792378,21.534593375388987,0.5761991913128428,1.1557141372752655,1.7385815320359654,2.9143925264045967,6.993631044419302
NLD,1971,295841.1875,5.66534090042114,2.67389535903931,5.383651800582179,11.602189623983294,17.308268030710817,35.25753983020439,79.56353184250243,0.9883891768995623,2.5353263765819367,5.122559717320274,7.669484033696605,19.974417884174866,0.701010985127426,1.2812493960675964,1.8648268054616723,3.042100134444925,6.828118930561589
NLD,1972,309700.71875,5.63229656219482,2.69264006614685,4.684787594019513,10.320652046260559,16.8305151581418,33.1310481533658,77.90099074595315,-0.5832718420150762,0.39935233912609114,1.9372666897090607,6.418404128735489,15.936247628376776,0.7010262029952585,1.4069514588143095,1.9912574930549987,3.169993989077935,6.662894566494826
NLD,1973,333263.71875,5.67163848876953,2.7115159034729,7.608312985227772,12.649533882093422,18.71419254128415,32.14721714175255,83.13028099570073,0.6985059493987311,0.11115991886601062,1.1006477883726662,5.239413869411891,14.272077399540173,0.7010159866283505,1.4069564953770763,2.117830400093057,3.29802060270572,6.4979156773815605
NLD,1974,347475.28125,5.71133041381836,2.73052382469177,4.264359334794832,12.197118125028572,17.453314795797326,31.08047109805976,77.50650590861741,0.6998317175437752,1.4032260331253266,0.811769568779197,3.3676769533554474,12.190338062348438,0.7010071817954211,1.4069373408355679,2.1178265432498122,3.426210579112565,6.4404547535126255
NLD,1975,353447.28125,5.71043157577515,2.74966526031494,1.7186834063466216,6.056333577415551,14.125431376642549,25.903920045319694,67.68140761903365,-0.015737804996107663,0.6839837743966681,1.387267391152469,1.7921598150550722,10.30812032344015,0.7010169788696397,1.4069383400325375,2.117817189346538,3.5545653080013784,6.572551820088535
NLD,1976,371716.53125,5.75071716308594,2.76894092559814,5.1688755209515325,6.976395533171464,11.538253442117297,25.64732260277316,69.94747741503129,0.7054736017097163,0.6896247706538849,1.3942827010747338,1.506992503460003,9.292055086598495,0.7010186134799534,1.4069498518551438,2.117819853156333,3.5545731525177704,6.704806961614396
NLD,1977,380424.4375,5.75596046447754,2.7883517742157,2.3426201198847085,7.632582758761841,9.482446098458986,22.836149375258753,63.53305317451608,0.09117647839222975,0.7972933060879761,0.7814300246261174,2.1956212872876524,8.754949263377787,0.7010206840496913,1.4069535830091962,2.117833545380554,3.554567477182813,6.837241041625175
NLD,1978,391804.25,5.8323769569397,2.80789852142334,2.9913463432537757,5.40404234443097,10.852246087265671,17.56582788836807,55.3599698641408,1.327606277592741,1.4199932206357957,2.135484499663165,2.8340746415422835,8.221977410792647,0.7010143909528033,1.4069493308812353,2.11783092105291,3.554565836290813,6.969816752614144
NLD,1979,396087.53125,5.95741176605225,2.82758235931397,1.0932197009093203,4.117268031709975,6.556340100895097,13.99013185200495,49.41880183690755,2.1438053478998187,3.499872919870639,3.5942404591394084,4.308652002316382,7.821430436154131,0.7010167119804844,1.4069453309672353,2.117828992800286,3.5545756365321868,7.102573462146156
NLD,1980,408260.84375,6.06827878952026,2.84740424156189,3.0733894757006386,4.200208075844003,7.317197189783586,15.50827107967745,45.42944126588826,1.8609931262394186,4.044694544303606,5.425998440575963,6.266552869019093,8.17101932638189,0.7010187407141988,1.406949711221217,2.117827022123131,3.554577448302032,7.235492533126786
NLD,1981,398746.3125,6.04018688201904,2.86219620704651,-2.330503009450069,0.6712610320272594,1.771819090783211,7.27161128914684,34.78390749766713,-0.46293040375359196,1.3894476194926897,3.563040019765462,5.033628167130466,6.616477069721194,0.5194894798817185,1.224149939205943,1.933748146839953,3.367904334334093,7.04219211012258
NLD,1982,388588.09375,5.95257902145386,2.87706518173218,-2.5475392327295787,-4.818671763693971,-1.8933788388472483,2.1459337112117005,25.472131714256797,-1.4504163906911338,-1.9066323759912018,-0.08112154721163778,3.4159122215959625,5.686534004776034,0.5194952969703293,1.0416835002682978,1.750004637538316,3.181571577045106,6.849230162768882
NLD,1983,388089.625,5.9043173789978,2.8920111656189,-0.12827689731551573,-2.6725482257594524,-4.940767418379199,-0.9480818546506287,16.45120760688865,-0.8107686144462556,-2.2494254842628902,-2.7019426135400426,1.233466605283473,4.102498611097993,0.5194871489745623,1.0416811572521834,1.566582061159738,2.995572794166468,6.656618237599954
NLD,1984,397383.15625,5.95599031448364,2.90703511238098,2.394686858737849,2.2633381314195233,-0.34186052817729573,0.32710572734040433,14.363000101895729,0.8751720507038652,0.05730781594810441,-1.393939776698705,-0.023860220250504494,4.28376372820829,0.5194982281081506,1.041684103616869,1.566590900514786,2.809918261276989,6.4643745677309905
NLD,1985,398548.375,6.06943273544312,2.92213678359985,0.29322298433478444,2.6949316153452862,2.563197743368839,-2.3789861062324835,12.760345359142589,1.9046777272893278,2.7965189851184125,1.9630770724437863,0.019016033423713274,6.286760552230897,0.5194870593255629,1.0416840135021754,1.566582577059794,2.6245849095513973,6.2724552611598705
NLD,1986,411790.625,6.21536779403687,2.93731689453125,3.3226204974490248,3.6255861687645385,6.10709446303801,3.2713311925611777,10.780820970011673,2.404426656572789,4.3549009628588875,5.268185889625521,2.9002564894030636,8.079872784103138,0.5194866652579844,1.0416723905845027,1.5665820883044246,2.6245820359833694,6.080879782465476
NLD,1987,414104.46875,6.35044288635254,2.95257616043091,0.5618981126634504,3.9031883519786037,4.2078563816832615,6.566432531104804,8.853277531625459,2.173243753093157,4.629924461777635,6.62278732908077,6.683890519802049,10.32811857454201,0.5194967532468064,1.0416821348643746,1.5665805980798808,2.6245835227572956,5.889658103178275
NLD,1988,432289.84375,6.46723222732544,2.96791434288025,4.391494507386917,4.9780683448050755,8.466091161455624,11.389178144094947,10.333117558066295,1.8390739522102795,4.05228526508461,6.554146148771478,9.533953075252688,10.885017807882825,0.5194847352252951,1.0416801948052168,1.5665782497698677,2.624581058458886,5.698775088773411
NLD,1989,455962.21875,6.64409017562866,2.98333263397217,5.476042368853373,10.10801697609065,10.72671184537044,14.74120419516398,15.116529245705701,2.734677557363052,4.6240442522077485,6.897779758152267,11.553072198114812,11.526455389392144,0.519499194068973,1.0416826483070851,1.5665909090909924,2.6245820446489043,5.50824891608066
NLD,1990,479320.96875,6.84981966018677,2.99883055686951,5.122957350290336,10.879535034183885,15.748803725026207,20.26669754957602,17.40556952444696,3.096428241036686,5.915783126587226,7.8636527053478344,12.8576583473196,12.879119397352156,0.5194835708516088,1.0416814778844596,1.5665775893770384,2.6245784831187446,5.3180476834774115
NLD,1991,495853.90625,6.98372316360474,3.01290345191956,3.449241443184836,8.748901961518051,14.70403790859358,20.414083309934504,24.353226777489013,1.9548471355568253,5.111805815367987,7.9862747791399125,12.36218668032878,15.620978291160181,0.4692794335382722,0.9912008339485023,1.5158493083614388,2.5733198051949513,5.265440730513871
NLD,1992,506700.4375,7.08506727218628,3.02704238891602,2.1874449537020224,5.712136654776789,11.127724329681655,22.360533570069087,30.395255451647497,1.4511472778544476,3.4343621244051104,6.637132924161349,11.568081139860166,19.025169538292342,0.4692794582399129,0.9407611237615354,1.465131794092045,2.522076466073009,5.212853992190203
NLD,1993,515483.8125,7.11765909194946,3.04124760627747,1.7334453160009256,3.958808431793015,7.544598736063546,19.24495103292605,32.825970933904756,0.4600072026291757,1.917829862482523,3.910167640170936,10.05726780423668,20.5500760725978,0.4692771205802915,0.9407587999493039,1.4144530210549622,2.470868594073128,5.160299601631468
NLD,1994,536427.8125,7.16826248168945,3.05551958084106,4.062979184239657,5.866854022599899,8.182633178560339,17.647425694741294,34.99007294675691,0.7109555134106493,1.1742331626090063,2.6424202930383167,7.8893015026123114,20.353830399250896,0.4692802563701637,0.9407596018249809,1.414453851627684,2.419674763949353,5.1077631579917515
NLD,1995,559896.6875,7.33093929290772,3.06985831260681,4.375029491969151,8.615765213771876,10.498560108308563,16.81038886325583,40.48399708065551,2.2694036614006707,2.9964936252635965,3.4702849143953163,7.023829189509367,20.784587496915385,0.46927311006801364,0.9407555724921801,1.4144474437347565,2.3685151391629855,5.05525716099362
NLD,1996,585529.3125,7.48666858673096,3.08426427841187,4.578099062248864,9.153421738362976,13.588302542478004,18.085045841060165,42.19102547562854,2.124274770272594,4.4418868010880574,5.184422153610502,7.201680412352118,20.454152269376525,0.4692713584174113,0.9407466327837399,1.414441627364016,2.368506911392898,5.002775974026141
NLD,1997,634095.25,7.71626853942871,3.09873819351196,8.294364852997859,13.252188154801336,18.207004786874293,25.142037202207867,53.1244644410759,3.0667839779188633,5.256205666493163,7.644893851739987,8.908895893202384,21.507565338653876,0.46928258390175337,0.9407561510754503,1.4144439767917794,2.3685100961408745,4.950322197945223
NLD,1998,687138.4375,7.89995002746582,3.11327981948853,8.365176603988122,17.353379725118366,22.72593370183138,33.299712005990486,58.9531763085748,2.380444473886989,5.520231541534271,7.761771197704315,10.990845802114668,22.15349240262072,0.4692757202598319,0.9407605333872526,1.414446611539133,2.3685086693493007,4.8979000002812745
NLD,1999,730731.375,8.13138866424561,3.12788987159729,6.344127343334649,15.24000140357462,24.798427576586946,36.22175397551744,60.26138678842017,2.9296215289355665,5.379804016613909,8.61157496215772,13.435978174855666,22.38528450550752,0.4692816886328055,0.940759633917021,1.4144570389371225,2.3685101286868404,4.845495134501587
NLD,2000,779944.3125,8.28247165679932,3.14256834983826,6.734750851501348,13.506139365111558,23.001128379372027,39.30146934473513,62.71858803381425,1.858022027873707,4.842076570150233,7.33778398817273,12.979678672447271,20.915178321256512,0.46927733531341165,0.9407612565497603,1.414451740972189,2.368514433804836,4.79312819590576
NLD,2001,797695.1875,8.44836902618408,3.15517377853394,2.2759156923783497,9.163943795351614,16.089443402734993,36.234885337187976,60.87302680193416,2.0029935055505987,3.898231593974333,6.942056554934739,12.845505692045677,20.972278371689402,0.4011186804044886,0.8722783747727281,1.3456535060922592,2.2990734165809545,4.7220340407435835
NLD,2002,809985.9375,8.50863838195801,3.1678295135498,1.5407827692328846,3.851765378441674,10.845923031565462,27.738843257381273,59.85499075082208,0.71338450755567,2.730667058462233,4.63942548179006,10.268821496821111,20.092556006634066,0.40111055378193594,0.8038381635466996,1.2768877291742475,2.229659807417783,4.65097962120693
NLD,2003,775791.375,8.46136569976807,3.18053650856018,-4.2216242180130426,-2.7458875073130606,-0.5324658996087028,12.901757879030008,50.4977181024477,-0.5555845726171404,0.1538364806711101,2.1599113209387344,7.10657245109616,18.878490673126368,0.40112622715422486,0.8038457405672661,1.2081887963987903,2.16031622505104,4.579992171476044
NLD,2004,792244.9375,8.36612319946289,3.19329428672791,2.1208746359161257,-2.190284939360443,-0.6832497030703211,8.41808147351002,47.689012209820866,-1.1256161674679799,-1.6749469903117875,-0.9735112950947644,2.886770574003261,16.710614613140162,0.4011203183297285,0.8038555442832163,1.2081904474904315,2.091007606262707,4.50904346189549
NLD,2005,805744.5,8.42051601409912,3.20610308647156,1.703963239272821,3.8609767993360355,-0.5236433502896487,3.3079525148790756,43.909495803187795,0.6501555540052273,-0.4827788694923174,-1.0356811971906965,1.6667048559891429,14.862716463161885,0.4011155438095937,0.8038448180855307,1.2081954776307136,2.0217455775168647,4.438145347139999
NLD,2006,854109.8125,8.60412788391113,3.2189633846283,6.002561916339477,7.80880660408132,10.095296238631168,7.072203253075293,45.86969332982795,2.180529904634998,2.844862294921957,1.6872238975201403,1.843655944056244,14.9259885653374,0.40111929684998326,0.8038437925084629,1.20818849161759,2.021746203912733,4.3673010500185905
NLD,2007,916467.6875,8.85702133178711,3.23187518119812,7.300920102706354,13.741724268673261,15.679841437926513,13.146123293035572,44.53154908509407,2.9392107054669214,5.183830978494841,5.867689497517015,4.094461818565742,14.783736290790861,0.40111660267645455,0.8038448556226374,1.2081847460962525,2.021752350446171,4.296490357427363
NLD,2008,955031.5625,9.00102996826172,3.24483895301819,4.207881579021855,11.816015753829067,18.52784133183658,23.10417378641261,38.9867762273159,1.6259262688887999,4.612926373313897,6.894042516997789,6.377980666979588,13.937808935091578,0.4011222925776492,0.803847863366669,1.2081915491139128,2.0217483523595536,4.225740735096317
NLD,2009,919864.1875,8.92243671417236,3.25785446166992,-3.6823259440705636,0.37060771987118546,7.698585596099794,16.108559860630223,25.882673027417226,-0.8731584537156944,0.738570902505109,3.6994897630059143,6.649597447300137,9.728326643701735,0.4011141643755156,0.8038454152851537,1.2081863753821809,2.021742099071089,4.155024486404391
NLD,2010,919182.875,8.86155128479004,3.27092242240906,-0.07406664040826572,-3.7536652093631773,0.29626658277572826,14.078702988354252,17.852372312798927,-0.6823856680945539,-1.5495858136623464,0.051145332423141454,5.237627598504213,6.991628248016246,0.4011216858484712,0.8038448061223002,1.2081914994150234,2.0217483402517944,4.0843685254262185
NLD,2011,948109.75,8.93379592895508,3.28468346595764,3.147020662237643,3.0706231293519126,-0.7247731668554191,11.005603275398501,18.85614516133709,0.8152595617094693,0.12731067920803696,-0.746959398465652,3.8315102877584772,5.745806098982098,0.4207083437474113,0.8235175819968132,1.2279349920398586,2.0416535846035755,4.104676842360067
NLD,2012,952645.875,8.91139507293701,3.29850268363953,0.47843880943108097,3.6405160398576886,3.563752991525182,3.947568255100098,17.612643738027867,-0.2507428667076095,0.562472489805721,-0.12375140994624889,0.6139055006535665,4.733503445545639,0.4207168765304692,0.8431952112810226,1.2476991359759548,2.0615741235622043,4.1250063973076845
NLD,2013,945753.8125,8.80360794067383,3.31237983703613,-0.7234653170570815,-0.24848784647557576,2.8907128518903313,-0.9714600400968387,21.90826593038624,-1.2095427414111404,-1.4572527659748924,-0.6538735967783094,-2.193327077945695,4.044763612038915,0.42071068989668614,0.8431975673009129,1.2674533135682342,2.0814864773216923,4.145317248241076
NLD,2014,924002.875,8.79122066497803,3.3263156414032,-2.2998519501077896,-3.006678635962179,-2.5426249440004156,0.4499237557283431,16.630959853877258,-0.14070680770061905,-1.348547640132558,-1.595909119828376,-1.4706302033603347,5.081176255477926,0.42071878989395906,0.8431994887141192,1.267463847796435,2.1014192174253266,4.165646593493055
NLD,2015,976814.875,8.86274147033691,3.34031009674072,5.715566631759672,3.2842651110116527,2.5370392749561876,6.269916636556139,21.231342565788538,0.8135480621457081,0.671696536937727,-0.5459706611802617,0.013430893853905168,5.251761952561318,0.4207194038752249,0.8432082393540208,1.267466396451744,2.1213488236922373,4.18598549857796
NLD,2016,985759.9375,9.00038814544678,3.35436320304871,0.9157377440633274,6.683643976757114,4.230078110311619,3.9710790338354895,15.41372351345045,1.5530936513330929,2.3792768767825434,2.235222264542225,0.7453966602916084,4.605466897773769,0.4207126255045157,0.8432020490297898,1.2674683483807847,2.12135317796156,4.206317445765073
NLD,2017,1026291.5625,9.21410942077637,3.36847543716431,4.111713558048713,5.065103815090866,11.070169830369835,7.730646763153204,11.983387575789472,2.374578427906049,3.9645515060488856,4.810353100144815,3.3969355567982085,4.031695031688609,0.42071276308939254,0.8431953803053283,1.2674622707580685,2.1213489948588737,4.226656300369558
NLD,2018,1054962.375,9.46382331848145,3.38264727592468,2.7936322919930534,7.020212007753668,8.00023648288526,11.54725056950272,10.463613604393318,2.710125160246246,5.149057635576737,6.782120974151473,7.499372782803504,5.141559930936501,0.42071967050767434,0.8432024549477335,1.267462539638764,2.1213581275577376,4.247000387440103
NLD,2019,1113163.75,9.67924690246582,3.39687848091126,5.516914762007508,8.464669366313737,12.92442588234115,20.471892471113783,21.01392413431684,2.2762849298304078,5.048100260678878,7.542549788394082,10.101284808211686,8.482102059534324,0.42071205850719995,0.843201747401201,1.267461967860517,2.1213512821739666,4.267348983111985
NLD,2020,1104162.5,9.6303300857544,3.41116952896118,-0.8086186780696059,4.663685280719143,7.587603790711284,13.037027614879438,20.12435501477332,-0.5053783337106377,1.7594027452708882,4.517209921986787,8.660848542029175,8.675442665257616,0.42071119500530774,0.8431932362413797,1.2674603865542977,2.121342934286252,4.287692841361457
NLD,2021,1179366.625,9.79918766021729,3.42599987983704,6.810965324397444,5.947271908557927,11.792292592425401,19.640348540741947,24.391361337651052,1.7533934243092242,1.2391538201274255,3.543645421622821,8.875167402359384,9.68671926406348,0.4347585410208854,0.8572988138794813,1.2816176318741102,2.135626718156858,4.302284081373431
NLD,2022,1228416.75,10.1847143173218,3.44097256660461,4.1590226448878775,11.253257559462494,10.353642938875796,19.69471394733404,28.947889476769117,3.9342715995701383,5.756648283400678,5.222177096517822,10.533898092819127,14.288663379449208,0.43703115273552307,0.8736897240198438,1.2980766295036972,2.1522237817275025,4.3192289541471585
NLD,2023,1239305.125,10.3563680648804,3.45608949661255,0.8863746769978587,5.082261845420621,12.239378261804767,17.473869624971215,31.03887170425761,1.6854056207217916,5.685985654965542,7.539076777856102,9.431122246924662,17.637770044626965,0.439321433557871,0.8782725578186934,1.316849463798131,2.1711462856497166,4.338562201399254
USA,1950,2700581.25,62.4649085998535,2.58321285247803,117.91092407529584,119.84243132471124,128.9857278265781,142.60413169221508,192.26978866272466,503.15458284723366,513.320184088182,537.4498659051947,545.3488502699561,610.5373756422438,-25.256193307206342,-24.927827744147834,-24.59973896435448,-23.953333420833857,-22.34011648430615
USA,1951,2890876.0,64.9348526000977,2.59599995613098,7.046436762456221,133.26587953874554,135.3334892250533,161.81617289121846,195.9492196512671,3.954130495998176,527.0041021456068,537.5716645253251,574.2744228066714,632.6723093235986,0.49500774358115507,-24.88620567622968,-24.55621467820678,-23.897070078438677,-22.282665951762816
USA,1952,2999928.0,65.8290939331055,2.6088502407074,3.772282173292796,11.08453041359152,142.06532672896031,154.36772047029902,204.326427345806,1.3771361560100726,5.385720412724471,535.6388023359203,571.7811334541356,631.4028336256574,0.4950032663163739,0.9924613143967864,-24.51438994087285,-23.851420542621504,-22.225171134232834
USA,1953,3147087.0,66.7851028442383,2.62176442146301,4.90541773002553,8.862746101873608,16.533690663815428,156.19049886774988,206.64648478000132,1.4522589542312003,2.849394693378904,6.916193973899332,555.7385977007972,624.8134333378804,0.49501426161235873,0.9924678646924479,1.4923884010563881,-23.80745935298042,-22.16762537327288
USA,1954,3132158.75,65.5197067260742,2.63474249839783,-0.47435136048034066,4.407797453805551,8.346354184683126,152.7350760370655,196.89767372035422,-1.8947281119194415,-0.46998551635191177,0.9006782991844764,532.6513920286287,592.3175182077193,0.4950130846454126,0.9924777316236089,1.4923937951289767,-23.76521207045579,-22.110043303950544
USA,1955,3368955.5,67.2933807373047,2.64778447151184,7.560177146193503,7.049963982565455,12.301211895752173,24.749273883168676,202.6468926966046,2.7070847838893686,0.7610647755560862,2.2243763611378142,7.729895465599901,595.2336417842744,0.4949999144865602,0.9924633134776428,1.4923904100329954,2.4996631219091237,-22.052422940913253
USA,1956,3445108.75,68.8955917358398,2.66231727600098,2.2604409586294727,9.991511445580459,9.469765214625458,19.17179256391488,212.01102645670363,2.3809340249818955,5.152472711575995,3.1601192507313414,6.099558214345047,615.4021837502033,0.5488665956576932,1.0465833993233975,1.5467772087371934,2.5545963401647276,-21.952947415904344
USA,1957,3521625.0,69.2199401855469,2.67692995071411,2.221011165467557,4.531656770176995,12.434435195853343,17.390317367616824,198.6030743408565,0.47078258787691674,2.8629256356772714,5.647512243824115,5.150984237892042,606.3844737514904,0.5488705213632317,1.1007496839660957,1.601198308447005,2.6095675767210613,-21.86427190296808
USA,1958,3498960.5,67.9430923461914,2.69162273406982,-0.6435807333262322,1.5631364321953445,3.85891116697743,11.180926996933982,184.83497151923402,-1.8446243032468002,-1.38252588540132,0.9654911103708752,1.7339038986791344,567.1084748114752,0.5488669343697516,1.1007500245372448,1.6556582693813215,2.6645533837791335,-21.777268432982964
USA,1959,3747502.5,69.4828796386719,2.70639610290527,7.1033096829758335,6.414013417101483,8.777480536717452,19.64599495475765,202.3873963242103,2.26628968348217,0.3798608499518741,0.852431756568528,6.048825781786538,570.9193725384878,0.5488647665385038,1.1007442381261834,1.6556564201281043,2.7195676446943873,-21.691955443922517
USA,1960,3846675.5,70.6460189819336,2.72125053405762,2.6463758196292098,9.9376657724487,9.230128136868633,14.180062633656032,42.4387990548331,1.6739941541143777,3.9782213944133282,2.060213852488202,4.982121878698131,13.097130157490188,0.5488638982447558,1.1007411853369842,1.6556497241060342,2.774623967177803,5.343643341166127
USA,1961,3945269.5,70.6938095092773,2.75555515289307,2.5630963672397034,5.277301349365349,12.75547409009048,14.517995984887278,36.47314862346222,0.06764787037176756,1.7427744458815342,4.0485604468370795,2.610062165272109,8.868822640818518,1.2606196454943541,1.8164026298673974,2.375236990459717,3.502132436752281,6.1461941239739915
USA,1962,4187084.75,71.7677536010742,2.79029202461243,6.1292454165678745,8.849440250418827,11.730005517007669,18.89638306179675,39.57284141486062,1.5191487051719355,1.5878242472905368,3.288398486482147,3.680750674874589,9.02132979986552,1.260612464348232,2.5371236382216944,3.0999128921704866,4.234779242844167,6.954856245632213
USA,1963,4368180.0,72.7672500610352,2.8254668712616,4.325091580723317,10.719432474765034,13.557278226354153,24.842220996778906,38.80073858777975,1.3926818240915795,2.932987437161372,3.002619411072649,7.1002916532900695,8.95730778576318,1.26061524524681,2.5371191825040773,3.829722250842682,4.9726187662787025,7.769670231657155
USA,1964,4624444.0,74.4171905517578,2.8610851764679,5.866608061023126,10.445435813067782,17.21490762544866,23.400691527223792,47.643985158798216,2.2674217994202994,3.691681594787899,5.26691243310613,7.101477282958801,13.579859053524657,1.2606166283024356,2.5371233989497366,3.829719157101019,5.715684906454532,8.59069446853753
USA,1965,4934000.5,76.191047668457,2.89715242385864,6.693918231034912,12.953232238598233,17.838562976304708,28.26661619884494,46.454902713912375,2.3836657948884454,4.705135352167367,6.163344741107513,7.8490320706414485,13.222202293397034,1.2606142483065241,2.537122389441837,3.8297209863205284,6.4640093809640975,9.417985301666754
USA,1966,5258107.0,78.5942001342773,2.92837071418762,6.568838004779276,13.702468880583263,20.37294708551387,33.27624386623018,52.625283599538044,3.154113953489057,5.612963283818617,8.007654636329686,11.175505577985877,14.077255386126897,1.0775508417123936,2.3517488494622985,3.6420120148169532,6.271533382778061,9.993303224410344
USA,1967,5398569.0,80.5108032226563,2.95992541313171,2.6713416063994133,9.41565571385734,16.73985023929363,28.933836364310505,53.29766797998084,2.4386062649718543,5.669636638935049,8.188447623080242,12.182420631668256,16.31157583615903,1.077551376648156,2.166713382289509,3.4546415282131315,6.079413445724979,10.57164242725539
USA,1968,5665766.5,82.1303176879883,2.99181985855103,4.949413446415152,7.752970793481384,14.831088890242317,29.705426516306566,61.92713521630211,2.0115492586170625,4.499209289832562,7.795233431328885,12.867145067457697,20.881041547989177,1.0775422001453316,2.166704647605111,3.2676028334851948,5.887628306013437,11.153016382325687
USA,1969,5848988.5,84.0793533325195,3.02405834197998,3.2338431172551863,8.343312829751737,11.237532823124363,26.47982114174159,56.076973931304906,2.3731013094769215,4.432386669891009,6.979081393882591,12.983777953887676,21.007295278711613,1.077554296486416,2.166707598905848,3.267606363113962,5.69620110762572,11.737462921030106
USA,1970,5857693.0,84.4425811767578,3.05664396286011,0.14882060376764095,3.387476345874818,8.504550002046841,18.720964864109767,52.27936434981324,0.4320059917704011,2.815359241095061,4.883540837653766,10.830056497197793,19.529143175572884,1.0775460389694347,2.1667114790953734,3.2676009097833525,5.505113838264952,12.324974294167234
USA,1971,6051745.5,84.6576461791992,3.08988523483276,3.31278030446458,3.4665310078828115,6.812476299543935,15.093616390841792,53.39244885552179,0.2546878594239299,0.6877941180073677,3.077217478705241,7.71487722320805,19.75255933560831,1.0875087964627106,2.176773243391872,3.2777834534872152,5.515507987517454,12.132948294962475
USA,1972,6377442.5,87.0524063110352,3.12348771095276,5.38186875175104,8.872938544235765,9.034963908716875,18.132092041428006,52.31223824643148,2.82875822789459,3.0906505910974325,3.5360083786060814,8.125124612516643,21.29738210132888,1.0874991647325194,2.1868346102731584,3.287944798964415,5.525892547677258,11.941247847942037
USA,1973,6744057.5,89.9233474731445,3.1574559211731,5.74862101853526,11.439873008539436,15.131631172886673,19.03168794548804,54.39055853925434,3.2979457820517144,6.219994922607608,6.490524353956206,9.488615172245884,23.576674118809258,1.0875090079985883,2.186834824109485,3.298125641648486,5.536297987616456,11.749882941054057
USA,1974,6622978.5,91.6357727050781,3.19179344177246,-1.7953435302116016,3.8500699927910054,9.439144458404613,13.232886335816874,43.21675211117271,1.9043165985841437,5.265065709575789,8.242759916934062,8.98724725281157,23.137909434171156,1.0875059369507278,2.1868416699761806,3.2981227196037244,5.546688615890161,11.558840261890758
USA,1975,6599970.5,90.5058212280273,3.2265043258667,-0.3473965678735036,-2.1365031362796105,3.48929841390182,12.671840262028077,33.76509588922823,-1.23308992077521,0.6477447417721605,3.9670527942136102,7.18031112594455,18.787999374756726,1.0875040859462448,2.1868366943962325,3.2981277484365856,5.557086957803592,11.368124759187005
USA,1976,6981721.5,93.3249664306641,3.24999570846558,5.784131913922952,5.4166414702992105,3.524050617895824,15.367070541879201,32.780133610822304,3.114877213846867,1.8433780561031954,3.782798408984367,10.238083200563297,18.742815972704662,0.7280753480028324,1.8234972831073781,2.930833861272042,5.181761180896616,10.983069620240492
USA,1977,7293794.0,96.5252380371094,3.27365803718567,4.469850308408896,10.512524260525113,10.128607544173661,14.368636016710457,35.106062365786194,3.4291698447306063,6.650861488695092,5.335760465258077,10.88175746943525,19.891038436375364,0.7280726143254368,1.4614488795487102,2.564846281774069,4.807777079010922,10.59934222200618
USA,1978,7705705.5,100.492530822754,3.29749250411987,5.647424372007226,10.36970609612544,16.753635489734386,14.259190405775746,36.004642972844,4.11010930024267,7.680221773682661,11.034328465530873,11.753547489728389,22.35741155236177,0.7280683157331325,1.4614417960789883,2.2001575415244723,4.435108088373307,10.216946875834987
USA,1979,7920382.5,103.14087677002,3.32150077819824,2.785948671409777,8.5907073876778,13.44454945674931,19.58943396841768,35.414567835105174,2.6353659576322963,6.85379167919502,10.517989681409246,12.555254051242738,22.67087302885813,0.7280766839765196,1.4614458953599252,2.2001588970226527,4.06377601784127,9.835869635488304
USA,1980,7786389.0,103.470497131348,3.34568381309509,-1.6917554171152704,1.0470618167278678,6.753618212962964,17.976118226589044,32.9258634756038,0.31958266368334876,2.963370794040854,7.195277872890071,14.324687326637807,22.53355557045371,0.7280755451145371,1.4614531773767592,2.2001618706436465,3.6937649911991333,9.456117681580567
USA,1981,8000724.5,104.698364257813,3.35476899147034,2.7526944775042805,1.0143702024491885,3.828578707037278,14.595297162741305,32.20523731541587,1.186683316024184,1.510058413858384,4.185219936869866,12.186875883420512,23.672661576477783,0.2715492223051674,1.0016018509002578,1.7369709644194486,3.2237975801582275,8.572608252614167
USA,1982,7862921.0,103.979858398438,3.36387896537781,-1.7223877662579157,0.9828946383233506,-0.7254889520802776,7.8028938025943795,23.29269922857007,-0.6862627362598794,0.49227681436903037,0.8134327094084348,7.722975371956764,19.445128290792567,0.27155294241218986,0.5438395646206517,1.2758746726098336,2.7559667860025394,7.6962446044560595
USA,1983,8263719.5,105.435424804688,3.37301373481751,5.09732324666623,3.287139808401096,6.130319201879075,7.2415692502133755,22.533348803743138,1.3998541916381946,0.7039847776991293,1.8990221636276505,4.918668025837802,17.250333497845105,0.2715546407501046,0.5438449977795301,0.8168710269467194,2.290262391901865,6.826946092863362
USA,1984,8914456.0,109.861747741699,3.38217329978943,7.874619897250867,13.373337974526267,11.420609471054789,12.550826932916426,34.59889685584816,4.198136390317075,5.6567583701858215,4.931675409151093,6.516205002469566,19.889585146272125,0.27155433366223836,0.5438463928075787,0.8168761661016433,1.82665986380115,5.964667247115107
USA,1985,9297721.0,112.190933227539,3.39135766029358,4.299364986489351,12.512543534421749,18.24767157141729,19.40992159523496,40.87519027547168,2.1201059820350254,6.4072473130972085,7.896793624816434,8.427944523279018,23.959908550939033,0.27155203740512057,0.5438437823930942,0.8168752561727111,1.3651573116300275,5.109348005680947
USA,1986,9602186.0,114.729598999023,3.40006065368652,3.2746196621731283,7.7147724998586575,16.196901407411033,20.016456009702633,37.53321440850943,2.262808320111942,4.430888236703656,8.815039358500076,9.581080671431241,22.935590964569474,0.2566226940565963,0.5288715956158541,0.801862103015516,1.3500679877313848,4.617389027008589
USA,1987,9902263.0,117.664184570313,3.4087860584259,3.12509047418994,6.502044963491582,11.080956594547109,25.936188345272715,35.76285538088957,2.5578277941292082,4.878514854380844,7.102050521678072,13.160554729203767,21.899916501709814,0.2566249731433379,0.5139062251196425,0.7868537853494173,1.3349794540852944,4.1277378304423795
USA,1988,10312941.0,120.204109191895,3.41753363609314,4.147314608791941,7.402012416755932,10.919019832924647,24.79781047747325,33.835130345949516,2.158621700271257,4.771663320220121,7.142445234949735,14.007326678452703,19.614968602898198,0.2566185591382997,0.5139020795901228,0.7718435630081677,1.3198849686284708,3.6403761895831943
USA,1989,10684975.0,122.550140380859,3.42630386352539,3.6074481566412464,7.904374989838181,11.2764843338798,19.861211946079482,34.90478521712808,1.9517063141483604,4.152457970442391,6.8164984886791125,11.549418155072733,18.818206921119284,0.2566244656563521,0.5139015708008232,0.7718453437122186,1.3047990101130447,3.1552931137351914
USA,1990,10845544.0,123.909660339355,3.43509650230408,1.502755036862502,5.164414302379883,9.525913419992982,16.647337557235797,39.28849432002435,1.1093581404892028,3.082715867512009,5.307881741457088,10.445342395047884,19.753614580648083,0.2566216870690141,0.5139047067585611,0.7718420407506921,1.2897148101658429,2.6724787578260134
USA,1991,10831007.0,122.739585876465,3.4523024559021,-0.1340366144842564,1.3667041804028557,5.023455481806782,12.797304697076273,35.37532757189676,-0.9442964008500088,0.15458611064600447,2.1093094916766475,6.981621959221007,17.231617462739578,0.5008870518333097,0.7587941237050533,1.0173658407268027,1.5364961845294456,2.9073079153808745
USA,1992,11224901.0,123.287582397461,3.46959495544434,3.6367255602364645,3.4978144019331747,5.053133020900846,13.35692659344636,42.757392577135136,0.44647088963420956,-0.5020415197574568,0.6017471822636677,4.779192451537884,18.56871541894025,0.5008975825011142,1.0042935654681173,1.2634924876279596,1.7838871661696398,3.142681147407367
USA,1993,11571857.0,124.845741271973,3.48697352409363,3.0909493099315455,6.840084213776243,6.696879381983978,12.207148280980174,40.03206425387502,1.2638408866585849,1.7159544579430142,0.7554543609064268,3.861458739873891,18.409672558574396,0.5008817707098823,1.00428825789165,1.5102056595718283,2.0318713842966796,3.3785747179083225
USA,1994,12075679.0,127.499229431152,3.50443959236145,4.3538560837729,7.57938087828125,11.491747720225831,13.015510097122363,35.4617600894547,2.1254134359284693,3.4161161666008466,3.877839020475027,4.038419731639897,16.054251868376678,0.5008947772942918,1.0042854386340894,1.5102134626187258,2.28046699733353,3.615021518253725
USA,1995,12409187.0,129.18815612793,3.5219931602478,2.761815712391824,7.235917277581283,10.55052512267145,14.41737731182502,33.46482433706066,1.3246563954255164,3.478224256362239,4.786024363302399,4.259955014095462,15.150264296240623,0.5008951481033197,1.0042988830341715,1.5102110037726213,2.529671521176624,3.852011879599604
USA,1996,12916877.0,130.841674804688,3.53323888778687,4.091243044367054,6.966051349990332,11.623199284263542,19.258320117418435,34.520170719459095,1.279930549609043,2.621541626916968,4.802673660812373,6.601039811538567,14.04352141577887,0.3193000959229142,0.8217946027146095,1.3268057062539862,2.3444189180585884,3.9169370098133927
USA,1997,13552125.0,133.488845825195,3.54452061653137,4.91796894868628,9.210418055590598,12.226608541018692,20.7326906491202,36.85886751341587,2.023186438463509,3.329012369374018,4.697766740054932,8.27436407573201,13.449004310590018,0.3193027446713792,0.6396223745643193,1.1437213601080076,2.1594930258201916,3.9819031109317837
USA,1998,14253092.0,135.237609863281,3.5558385848999,5.172377025743202,10.344721870464513,14.859192628816054,23.17030879313493,38.20589102565408,1.3100450657697715,3.3597361583417085,4.682668997427641,8.323766982703562,12.506644550217793,0.3193088598707483,0.63963116649568,0.960973605346771,1.974923535565698,4.046922826043287
USA,1999,14942582.0,137.152206420898,3.56719255447388,4.837476668220475,10.260066225776399,15.682622045561011,23.741132900270046,39.846672547198295,1.415727887791407,2.744319626899938,4.823028767882986,7.571008101628163,11.915176918328264,0.3193049769524281,0.6396334059046049,0.9609785175968666,1.7906703899023046,4.111973034508587
USA,2000,15530929.0,138.807235717773,3.5785825252533,3.9373851185825925,8.965331873252481,14.601429665089416,25.15670043492777,43.201014167661846,1.2067099320268948,2.639521548850765,3.984145536431183,7.445790603526858,12.0229329477763,0.3192978961882753,0.6396224072145351,0.9609736381012368,1.6067426150685238,4.17705944659712
USA,2001,15688271.0,138.769241333008,3.58833718299866,1.013088141733176,4.990362442046492,10.069246729060621,21.455604168097288,44.845913219334086,-0.027372049136009657,1.179007581655367,2.6114270085794367,6.058900224377095,13.059890451868196,0.2725844011287615,0.5927526535751682,0.9139503192514775,1.5594273968353667,3.940405825798754
USA,2002,15948216.0,138.339965820313,3.59811854362488,1.656938486083015,2.6868128751345033,6.729988164026812,17.68055563241926,42.078901185854555,-0.30934485810502066,-0.33663223321446223,0.866015524219832,3.634101385122923,12.20916424034122,0.27258755594552486,0.5459149882311998,0.866955979491868,1.5121347254557937,3.7042821952132154
USA,2003,16383841.0,139.01806640625,3.6079261302948,2.731496739196415,4.4336944459972605,5.491699820403539,14.949380808038004,41.583507297057,0.4901696931295829,0.17930852028287259,0.15188739073059843,2.795418039989661,11.35186910653443,0.27257541826399834,0.545905980880268,0.8199784365577223,1.4648456095867957,3.4686987258559343
USA,2004,17027680.0,140.763900756836,3.61776089668274,3.929719532800635,6.768556432895068,8.53764573546696,13.954067643731193,41.00805428829302,1.2558327098897815,1.7521581143596476,1.4373930452219907,2.6333475998587152,10.403726661616219,0.2725877978864588,0.5459062234806522,0.81998185185852,1.4175949696194179,3.233649812891448
USA,2005,17580320.0,143.133728027344,3.62762236595154,3.245539028217581,7.30279914215477,10.233771601789199,13.195546769932442,41.671811376522896,1.6835475983304704,2.960522849646674,3.4652041285433866,3.1169069012855655,10.794775865989026,0.2725848819318699,0.5459157129453329,0.8199791632472531,1.3703705406310052,2.999131483160178
USA,2006,18070692.0,145.8642578125,3.64232897758484,2.7893235162954833,6.1253911278577045,10.295821352270206,15.186001057732867,39.89985350174039,1.9076774026554721,3.6233416580822686,4.924677477705308,5.112816364302164,11.481497030847954,0.4054063557258569,0.6790963140938189,0.953535245668391,1.504646632484552,3.0875379011324533
USA,2007,18420674.0,147.297500610352,3.65709471702576,1.9367382278442813,4.780083638978128,8.180762147280184,15.503038082754838,35.924616988110714,0.9825867003651734,2.90900868746502,4.641530831688545,6.47501590514612,10.344425932964896,0.4053928003700191,0.812442644274225,1.0872421220287531,1.6390836679178733,3.176003546695516
USA,2008,18213936.0,147.243347167969,3.67192077636719,-1.1223150683845717,0.7926868544934518,3.604120971631919,11.170121829185241,27.789366686189922,-0.03676467160582675,0.9454607839857188,2.8711745283682477,5.916699155980498,8.877513671548364,0.4054053965954596,0.8124416812556046,1.2211417271938307,1.773723844705244,3.264551770157409
USA,2009,17828036.0,142.301330566406,3.68680667877197,-2.1187073458477035,-3.2172438424348693,-1.3428152059699716,4.700323238397708,19.310277166288927,-3.356359860473268,-3.391890577398482,-2.442632142737766,1.0922046073629676,3.75431375103521,0.40539824553369463,0.8124471484942664,1.2211335511110866,1.9085225381406667,3.353172627254808
USA,2010,18299994.0,141.964340209961,3.70175337791443,2.6472798237562545,0.47248436581746045,-0.6551334658004393,4.093634245565503,17.829358436961495,-0.2368146208497568,-3.585226130445096,-3.620672705437733,-0.8169897015185779,2.274452391377557,0.40541043902628804,0.8124522113670096,1.2211513330721235,2.0435151315273403,3.441889401514131
USA,2011,18568118.0,143.617950439453,3.70701098442078,1.4651589503253293,4.151225631359501,1.9445659631174728,2.752667136377518,18.35668825455654,1.1648067585468214,0.9252337049881598,-2.46218032817489,-1.5399984936230848,3.4940805756871196,0.14203016704781302,0.5480164111978825,0.9556363056478112,1.7758419745717013,3.3072087535248818
USA,2012,19069654.0,146.331634521484,3.71227598190308,2.7010599566418048,4.205793728675533,6.964412681239818,3.523106700656009,19.572333356909645,1.8895159509848547,3.07633191903256,2.8322320944126567,-0.6557246965262498,5.776832930225817,0.1420281057819217,0.28425999558561177,0.6908228543079931,1.508882573383219,3.1726980891294776
USA,2013,19578584.0,148.027877807617,3.71754860877991,2.6687951443691738,5.441940857980332,6.986832891857775,7.492328950755067,19.49935305158297,1.1591774339703376,3.070596227470279,4.2711694984023385,0.5328122830249304,6.481036338858126,0.14203219002393297,0.2842620214349445,0.42669592630666386,1.2426148381627478,3.0383792385503483
USA,2014,20143926.0,150.637252807617,3.72282862663269,2.887553052866343,5.633411072901473,8.48663284022646,12.990157749288823,18.30106039108088,1.7627591766135042,2.9423701171743755,4.887482620860273,5.857936962382082,7.014122227144592,0.1420295578734354,0.2842634755888973,0.426695315400627,0.9770500869527243,2.9042198462117863
USA,2015,20899968.0,153.071655273438,3.72811627388001,3.753200840789428,6.749129559114175,9.598045145444178,14.207512854922255,18.882750712159968,1.616069345695026,3.40731593300021,4.6059902043699585,7.824017670247074,6.943106550117584,0.14203305544320255,0.2842643422372948,0.42670027913198627,0.7121732129122371,2.77024171180813
USA,2016,21343028.0,155.681167602539,3.73341131210327,2.1199075520115684,5.952672780867041,9.012112418344454,14.94448710418579,18.108526225780388,1.7047652123703294,3.3483847460785476,5.170167882071874,8.399519089482933,6.73016812841023,0.14202985728632989,0.2842646420754491,0.4266979397632209,0.7121729013871647,2.500661941273208
USA,2017,21892416.0,158.468490600586,3.73871397972107,2.574086488571359,4.748562294449443,8.679986215199564,14.802376592674404,18.846986814923273,1.7904047361483988,3.5256921456212176,5.198739121305196,8.294075384854738,7.583964387681474,0.14203277309974283,0.28426435933099903,0.42670116412928394,0.7121775952777076,2.231806092287636
USA,2018,22571668.0,161.065612792969,3.74402379989624,3.1026817688828867,5.7566339696504265,7.998576839926264,15.287540712852365,23.92526250229494,1.6388887043349065,3.458636181465913,5.222363020280318,8.807621360549668,9.387361732025923,0.14202263676683646,0.28425712855599805,0.426690715836342,0.7121679876304077,1.9636323308801051
USA,2019,23200364.0,163.923538208008,3.74934148788452,2.7853324796377477,5.974434251569138,8.702307844978696,15.173000536241045,30.134154990488014,1.7743858328794992,3.442354746200782,5.2943915647601925,8.82005291039083,15.194663012312336,0.14203136177788345,0.284255715229742,0.42669222460451905,0.7121698018050182,1.6961781444255086
USA,2020,22676858.0,154.939697265625,3.75466680526733,-2.2564559762941694,0.4660267021471265,3.583167796555675,8.50187904593922,23.91729745922322,-5.480506973307953,-3.803366479732795,-2.2268107190187014,1.2203709359842163,9.139870643905246,0.1420334050663996,0.28426649882367094,0.4266928583675833,0.7121701534187341,1.4294152513939506
USA,2021,24167636.0,160.861312866211,3.72817277908325,6.574005975607378,4.169210448594685,7.0706693010015975,13.23433582151512,30.156626535871855,3.8218840652787023,-1.8680815307385967,-0.1268426718871507,3.3274064830353334,12.006411715245523,-0.705629222462878,-0.5645980466082889,-0.42336859112457326,-0.14031491796892004,0.5708586985958553
USA,2022,24861132.0,165.578491210938,3.81364345550537,2.86952352311165,9.63217214659986,7.158370446256801,13.560476833621294,30.370126274970687,2.9324504821431674,6.866409405121088,1.0095883855495869,4.48669674545743,13.15290214067022,2.2925621071439917,1.57075589650999,1.7150202996615072,2.0041510581103816,2.730601768199481
USA,2023,25641846.0,167.539749145508,3.82982563972473,3.1402994843517273,6.099934639863003,13.074950683203124,13.601910146826546,30.968848411100613,1.1844883476268997,4.151673364030972,8.132229572051997,4.0195645987208595,13.181213989468542,0.4243234693583897,2.726613455572635,2.001744451783627,2.291701239475774,3.020189989705857
